0.32,0.09,0.33,0.14,0.31,0.14,0.29,0.17,0.28,0.19,0.35,0.14,0.36,0.21,0.34,0.19,0.31,0.25,0.31,0.36,0.29,0.45,0.34,0.26,0.35,0.35,0.35,0.45,0.00,0.00,0.32,0.08,0.00,0.00,0.34,0.09,0
0.32,0.09,0.33,0.14,0.31,0.14,0.29,0.17,0.28,0.19,0.35,0.14,0.37,0.21,0.34,0.20,0.31,0.26,0.30,0.36,0.29,0.45,0.34,0.26,0.35,0.36,0.36,0.45,0.00,0.00,0.32,0.08,0.00,0.00,0.34,0.09,0
0.32,0.09,0.33,0.14,0.31,0.13,0.29,0.17,0.28,0.19,0.35,0.14,0.37,0.21,0.34,0.21,0.31,0.26,0.31,0.36,0.29,0.45,0.34,0.26,0.35,0.35,0.36,0.45,0.00,0.00,0.32,0.08,0.00,0.00,0.34,0.09,0
0.32,0.09,0.33,0.14,0.31,0.13,0.28,0.19,0.28,0.17,0.35,0.14,0.37,0.21,0.35,0.21,0.31,0.26,0.31,0.36,0.29,0.45,0.34,0.26,0.35,0.35,0.36,0.45,0.00,0.00,0.32,0.08,0.00,0.00,0.34,0.09,0
0.32,0.09,0.33,0.14,0.31,0.13,0.28,0.17,0.00,0.00,0.35,0.14,0.37,0.21,0.35,0.21,0.31,0.26,0.31,0.36,0.29,0.45,0.34,0.26,0.35,0.35,0.36,0.45,0.32,0.08,0.32,0.08,0.00,0.00,0.34,0.09,0
0.32,0.09,0.33,0.14,0.31,0.13,0.28,0.19,0.29,0.16,0.35,0.14,0.37,0.21,0.35,0.22,0.31,0.26,0.31,0.36,0.29,0.45,0.34,0.26,0.35,0.35,0.36,0.45,0.32,0.08,0.32,0.08,0.00,0.00,0.34,0.09,0
0.32,0.09,0.33,0.14,0.31,0.13,0.29,0.16,0.28,0.16,0.35,0.15,0.37,0.21,0.35,0.22,0.31,0.26,0.31,0.35,0.29,0.45,0.34,0.26,0.34,0.35,0.00,0.00,0.00,0.00,0.32,0.08,0.00,0.00,0.34,0.09,0
0.32,0.09,0.34,0.14,0.31,0.13,0.29,0.15,0.29,0.16,0.35,0.15,0.37,0.21,0.37,0.22,0.31,0.26,0.31,0.36,0.29,0.45,0.34,0.26,0.35,0.36,0.36,0.45,0.00,0.00,0.33,0.08,0.00,0.00,0.34,0.09,0
0.32,0.09,0.34,0.14,0.31,0.13,0.28,0.16,0.29,0.15,0.36,0.15,0.37,0.20,0.37,0.22,0.31,0.25,0.30,0.36,0.29,0.45,0.34,0.26,0.35,0.36,0.36,0.45,0.00,0.00,0.33,0.08,0.00,0.00,0.34,0.09,0
0.32,0.09,0.34,0.14,0.31,0.13,0.28,0.16,0.29,0.15,0.36,0.15,0.38,0.20,0.37,0.22,0.31,0.26,0.30,0.36,0.29,0.45,0.34,0.26,0.35,0.36,0.36,0.46,0.00,0.00,0.33,0.08,0.00,0.00,0.34,0.09,0
0.33,0.09,0.34,0.14,0.32,0.13,0.29,0.15,0.00,0.00,0.36,0.15,0.38,0.20,0.38,0.22,0.31,0.26,0.30,0.36,0.29,0.45,0.34,0.26,0.35,0.36,0.35,0.46,0.00,0.00,0.34,0.08,0.00,0.00,0.35,0.09,0
0.33,0.09,0.34,0.14,0.32,0.13,0.28,0.15,0.00,0.00,0.37,0.15,0.38,0.20,0.38,0.21,0.31,0.26,0.30,0.37,0.29,0.45,0.34,0.27,0.35,0.36,0.35,0.46,0.00,0.00,0.34,0.09,0.00,0.00,0.35,0.10,0
0.34,0.09,0.35,0.14,0.32,0.13,0.29,0.15,0.28,0.15,0.37,0.15,0.38,0.20,0.38,0.21,0.31,0.26,0.30,0.37,0.29,0.45,0.35,0.27,0.35,0.36,0.35,0.46,0.00,0.00,0.34,0.09,0.00,0.00,0.35,0.10,0
0.34,0.10,0.35,0.15,0.32,0.14,0.29,0.15,0.27,0.16,0.37,0.15,0.38,0.19,0.39,0.21,0.32,0.26,0.30,0.37,0.29,0.45,0.35,0.28,0.35,0.36,0.35,0.46,0.34,0.09,0.34,0.09,0.00,0.00,0.35,0.10,0
0.34,0.10,0.35,0.15,0.33,0.14,0.29,0.15,0.27,0.16,0.37,0.16,0.39,0.21,0.40,0.22,0.32,0.26,0.30,0.36,0.29,0.45,0.35,0.27,0.35,0.37,0.35,0.46,0.00,0.00,0.35,0.09,0.00,0.00,0.36,0.10,0
0.35,0.10,0.35,0.15,0.33,0.14,0.29,0.16,0.26,0.17,0.38,0.16,0.40,0.21,0.00,0.00,0.32,0.26,0.30,0.37,0.29,0.45,0.35,0.28,0.36,0.37,0.35,0.46,0.00,0.00,0.35,0.10,0.00,0.00,0.37,0.11,0
0.35,0.10,0.35,0.15,0.34,0.14,0.30,0.16,0.27,0.17,0.38,0.16,0.40,0.21,0.40,0.22,0.32,0.27,0.30,0.37,0.29,0.45,0.35,0.28,0.35,0.37,0.35,0.46,0.00,0.00,0.35,0.10,0.00,0.00,0.37,0.11,0
0.35,0.10,0.36,0.16,0.34,0.14,0.31,0.16,0.27,0.17,0.38,0.17,0.42,0.23,0.41,0.22,0.32,0.26,0.30,0.36,0.28,0.45,0.35,0.28,0.35,0.37,0.35,0.46,0.00,0.00,0.36,0.10,0.00,0.00,0.37,0.11,0
0.35,0.11,0.36,0.16,0.34,0.14,0.31,0.17,0.27,0.19,0.38,0.17,0.42,0.23,0.40,0.22,0.32,0.26,0.30,0.35,0.28,0.44,0.35,0.27,0.35,0.37,0.35,0.46,0.36,0.10,0.36,0.10,0.00,0.00,0.37,0.11,0
0.36,0.11,0.37,0.16,0.34,0.14,0.31,0.17,0.29,0.19,0.38,0.17,0.41,0.23,0.40,0.21,0.32,0.25,0.30,0.34,0.28,0.44,0.35,0.27,0.35,0.36,0.35,0.45,0.36,0.10,0.36,0.10,0.00,0.00,0.38,0.11,0
0.36,0.11,0.37,0.16,0.35,0.14,0.32,0.17,0.00,0.00,0.39,0.17,0.41,0.24,0.38,0.21,0.32,0.25,0.29,0.34,0.28,0.41,0.35,0.27,0.35,0.36,0.35,0.45,0.36,0.10,0.37,0.10,0.00,0.00,0.38,0.12,0
0.36,0.11,0.37,0.16,0.35,0.14,0.32,0.17,0.00,0.00,0.39,0.17,0.40,0.24,0.38,0.21,0.32,0.25,0.29,0.33,0.28,0.40,0.35,0.27,0.35,0.36,0.35,0.45,0.00,0.00,0.37,0.11,0.00,0.00,0.38,0.12,0
0.37,0.11,0.37,0.16,0.35,0.14,0.33,0.19,0.00,0.00,0.39,0.19,0.39,0.25,0.37,0.21,0.32,0.24,0.29,0.31,0.27,0.38,0.35,0.26,0.35,0.36,0.35,0.45,0.00,0.00,0.37,0.11,0.00,0.00,0.38,0.12,0
0.37,0.11,0.37,0.16,0.35,0.15,0.33,0.19,0.00,0.00,0.39,0.19,0.38,0.25,0.37,0.21,0.32,0.24,0.29,0.28,0.27,0.36,0.35,0.27,0.35,0.36,0.35,0.45,0.00,0.00,0.37,0.11,0.00,0.00,0.38,0.12,0
0.37,0.12,0.37,0.16,0.36,0.15,0.34,0.17,0.31,0.19,0.39,0.19,0.38,0.25,0.35,0.21,0.32,0.23,0.29,0.25,0.26,0.32,0.35,0.26,0.35,0.35,0.35,0.45,0.37,0.11,0.37,0.11,0.00,0.00,0.39,0.12,0
0.37,0.12,0.37,0.16,0.36,0.15,0.34,0.17,0.31,0.17,0.39,0.19,0.37,0.25,0.34,0.21,0.32,0.23,0.29,0.24,0.26,0.31,0.34,0.26,0.34,0.36,0.35,0.45,0.37,0.11,0.37,0.11,0.00,0.00,0.39,0.12,0
0.37,0.12,0.37,0.16,0.36,0.15,0.34,0.17,0.31,0.17,0.39,0.19,0.37,0.24,0.34,0.21,0.33,0.23,0.29,0.23,0.26,0.29,0.35,0.26,0.35,0.35,0.35,0.45,0.37,0.11,0.37,0.11,0.00,0.00,0.39,0.12,0
0.37,0.12,0.37,0.16,0.36,0.15,0.34,0.17,0.31,0.17,0.39,0.19,0.37,0.24,0.34,0.22,0.33,0.23,0.29,0.22,0.26,0.28,0.35,0.26,0.35,0.36,0.35,0.45,0.37,0.11,0.38,0.11,0.00,0.00,0.39,0.13,2
0.37,0.12,0.38,0.17,0.36,0.15,0.34,0.17,0.31,0.16,0.39,0.19,0.36,0.24,0.34,0.22,0.33,0.23,0.29,0.21,0.26,0.26,0.34,0.26,0.29,0.22,0.26,0.26,0.37,0.11,0.38,0.11,0.00,0.00,0.39,0.13,2
0.37,0.12,0.38,0.17,0.36,0.15,0.34,0.17,0.32,0.16,0.39,0.20,0.37,0.23,0.33,0.23,0.33,0.22,0.29,0.20,0.24,0.24,0.34,0.25,0.30,0.20,0.24,0.24,0.00,0.00,0.38,0.12,0.00,0.00,0.39,0.13,2
0.37,0.12,0.38,0.17,0.36,0.15,0.34,0.17,0.32,0.15,0.39,0.20,0.36,0.23,0.33,0.23,0.33,0.21,0.29,0.19,0.24,0.23,0.34,0.25,0.30,0.19,0.24,0.22,0.00,0.00,0.38,0.12,0.00,0.00,0.39,0.13,2
0.37,0.12,0.38,0.17,0.37,0.15,0.34,0.17,0.32,0.15,0.39,0.20,0.36,0.24,0.32,0.24,0.33,0.21,0.29,0.17,0.24,0.21,0.34,0.24,0.29,0.19,0.24,0.21,0.00,0.00,0.38,0.12,0.00,0.00,0.39,0.13,2
0.37,0.12,0.38,0.17,0.37,0.15,0.34,0.16,0.32,0.15,0.39,0.20,0.36,0.24,0.32,0.24,0.33,0.21,0.29,0.17,0.23,0.19,0.34,0.24,0.34,0.35,0.35,0.45,0.00,0.00,0.38,0.12,0.00,0.00,0.40,0.13,2
0.37,0.13,0.38,0.17,0.37,0.15,0.34,0.16,0.32,0.14,0.39,0.20,0.36,0.24,0.33,0.25,0.32,0.20,0.29,0.17,0.00,0.00,0.34,0.24,0.00,0.00,0.00,0.00,0.00,0.00,0.38,0.12,0.00,0.00,0.40,0.13,0
0.38,0.13,0.38,0.17,0.37,0.15,0.34,0.16,0.32,0.14,0.39,0.21,0.35,0.24,0.33,0.26,0.32,0.20,0.00,0.00,0.00,0.00,0.33,0.24,0.34,0.35,0.35,0.45,0.38,0.12,0.38,0.12,0.00,0.00,0.40,0.13,0
0.38,0.13,0.38,0.19,0.37,0.15,0.34,0.16,0.32,0.14,0.40,0.21,0.36,0.24,0.33,0.26,0.00,0.00,0.00,0.00,0.00,0.00,0.34,0.27,0.00,0.00,0.00,0.00,0.38,0.12,0.38,0.12,0.00,0.00,0.40,0.14,0
0.38,0.13,0.38,0.19,0.37,0.15,0.34,0.16,0.32,0.14,0.40,0.21,0.36,0.24,0.33,0.26,0.34,0.24,0.34,0.36,0.35,0.45,0.35,0.27,0.00,0.00,0.00,0.00,0.00,0.00,0.38,0.12,0.00,0.00,0.40,0.14,0
0.38,0.13,0.38,0.19,0.37,0.15,0.34,0.16,0.32,0.14,0.40,0.21,0.36,0.24,0.34,0.27,0.33,0.23,0.00,0.00,0.00,0.00,0.34,0.27,0.00,0.00,0.00,0.00,0.00,0.00,0.38,0.13,0.00,0.00,0.40,0.14,0
0.38,0.13,0.38,0.19,0.37,0.15,0.34,0.16,0.32,0.14,0.40,0.21,0.36,0.24,0.34,0.27,0.33,0.23,0.00,0.00,0.00,0.00,0.34,0.26,0.34,0.35,0.35,0.45,0.00,0.00,0.38,0.13,0.00,0.00,0.40,0.14,0
0.38,0.13,0.38,0.19,0.37,0.16,0.34,0.16,0.32,0.14,0.40,0.22,0.36,0.25,0.34,0.28,0.32,0.24,0.00,0.00,0.00,0.00,0.34,0.27,0.34,0.36,0.35,0.45,0.00,0.00,0.38,0.13,0.00,0.00,0.40,0.14,0
0.38,0.13,0.38,0.19,0.37,0.16,0.34,0.15,0.32,0.14,0.40,0.22,0.36,0.25,0.34,0.28,0.33,0.22,0.00,0.00,0.00,0.00,0.34,0.26,0.34,0.36,0.35,0.45,0.00,0.00,0.38,0.13,0.00,0.00,0.40,0.14,0
0.38,0.13,0.38,0.19,0.37,0.16,0.34,0.15,0.32,0.14,0.40,0.22,0.37,0.25,0.34,0.28,0.33,0.22,0.00,0.00,0.00,0.00,0.34,0.26,0.34,0.36,0.35,0.45,0.00,0.00,0.38,0.13,0.00,0.00,0.40,0.14,0
0.38,0.14,0.38,0.19,0.37,0.16,0.34,0.15,0.32,0.14,0.40,0.22,0.37,0.25,0.34,0.28,0.32,0.23,0.00,0.00,0.00,0.00,0.34,0.27,0.34,0.36,0.35,0.45,0.38,0.13,0.38,0.13,0.00,0.00,0.40,0.14,0
0.38,0.14,0.38,0.19,0.37,0.16,0.34,0.15,0.32,0.14,0.40,0.22,0.37,0.26,0.34,0.28,0.33,0.25,0.33,0.36,0.35,0.45,0.34,0.27,0.34,0.36,0.35,0.45,0.38,0.13,0.39,0.13,0.00,0.00,0.40,0.15,0
0.38,0.14,0.38,0.20,0.37,0.16,0.34,0.16,0.32,0.15,0.40,0.22,0.37,0.26,0.34,0.28,0.33,0.26,0.33,0.36,0.35,0.45,0.35,0.28,0.34,0.36,0.35,0.45,0.38,0.13,0.39,0.13,0.00,0.00,0.40,0.15,0
0.38,0.14,0.38,0.20,0.37,0.16,0.34,0.16,0.32,0.16,0.40,0.22,0.37,0.26,0.34,0.29,0.33,0.26,0.33,0.36,0.35,0.45,0.35,0.28,0.34,0.36,0.35,0.45,0.38,0.13,0.39,0.14,0.00,0.00,0.40,0.15,0
0.38,0.14,0.38,0.20,0.37,0.16,0.34,0.17,0.32,0.16,0.40,0.22,0.37,0.27,0.34,0.29,0.33,0.26,0.33,0.36,0.35,0.45,0.35,0.28,0.34,0.36,0.35,0.45,0.38,0.13,0.39,0.14,0.00,0.00,0.40,0.15,0
0.38,0.14,0.38,0.20,0.37,0.16,0.34,0.15,0.32,0.15,0.40,0.23,0.37,0.27,0.34,0.29,0.33,0.26,0.33,0.36,0.35,0.45,0.35,0.28,0.34,0.36,0.35,0.45,0.00,0.00,0.39,0.14,0.00,0.00,0.40,0.15,0
0.38,0.14,0.38,0.20,0.37,0.16,0.34,0.15,0.33,0.15,0.40,0.23,0.37,0.27,0.34,0.29,0.33,0.26,0.33,0.36,0.35,0.45,0.35,0.28,0.34,0.36,0.35,0.45,0.00,0.00,0.39,0.14,0.00,0.00,0.40,0.15,0
0.38,0.14,0.38,0.20,0.37,0.17,0.34,0.16,0.33,0.16,0.40,0.23,0.37,0.27,0.34,0.31,0.33,0.26,0.33,0.36,0.35,0.45,0.35,0.28,0.34,0.36,0.35,0.45,0.00,0.00,0.39,0.14,0.00,0.00,0.40,0.16,0
0.38,0.15,0.38,0.20,0.37,0.17,0.34,0.16,0.33,0.16,0.40,0.23,0.37,0.27,0.34,0.29,0.33,0.26,0.33,0.36,0.35,0.45,0.35,0.28,0.34,0.36,0.35,0.45,0.39,0.14,0.39,0.14,0.00,0.00,0.40,0.16,0
0.38,0.15,0.38,0.20,0.37,0.17,0.34,0.16,0.32,0.16,0.40,0.23,0.37,0.28,0.34,0.31,0.33,0.26,0.33,0.36,0.35,0.45,0.35,0.28,0.34,0.36,0.35,0.45,0.39,0.14,0.39,0.14,0.00,0.00,0.40,0.16,0
0.38,0.15,0.38,0.20,0.37,0.17,0.34,0.16,0.32,0.17,0.40,0.23,0.37,0.28,0.34,0.31,0.33,0.26,0.33,0.36,0.35,0.45,0.35,0.28,0.34,0.36,0.35,0.45,0.39,0.14,0.39,0.14,0.00,0.00,0.40,0.16,0
0.38,0.15,0.38,0.21,0.37,0.17,0.34,0.16,0.33,0.17,0.40,0.23,0.37,0.28,0.34,0.31,0.33,0.26,0.33,0.36,0.34,0.44,0.35,0.28,0.34,0.36,0.35,0.45,0.39,0.14,0.39,0.15,0.00,0.00,0.41,0.16,0
0.38,0.15,0.38,0.21,0.37,0.17,0.34,0.17,0.33,0.19,0.40,0.23,0.37,0.28,0.34,0.31,0.33,0.26,0.33,0.36,0.34,0.45,0.35,0.29,0.34,0.36,0.35,0.45,0.00,0.00,0.39,0.15,0.00,0.00,0.41,0.16,0
0.39,0.15,0.38,0.21,0.37,0.17,0.34,0.17,0.32,0.19,0.40,0.24,0.37,0.28,0.34,0.31,0.33,0.27,0.33,0.37,0.34,0.45,0.35,0.29,0.34,0.37,0.35,0.45,0.00,0.00,0.40,0.15,0.00,0.00,0.41,0.16,0
0.39,0.15,0.38,0.21,0.37,0.17,0.34,0.17,0.32,0.19,0.40,0.24,0.37,0.28,0.34,0.31,0.33,0.27,0.33,0.37,0.33,0.44,0.35,0.29,0.34,0.37,0.35,0.45,0.00,0.00,0.40,0.15,0.00,0.00,0.41,0.16,0
0.39,0.15,0.38,0.21,0.37,0.17,0.34,0.17,0.33,0.19,0.40,0.24,0.37,0.28,0.34,0.31,0.33,0.27,0.33,0.37,0.34,0.45,0.35,0.29,0.34,0.37,0.35,0.45,0.00,0.00,0.40,0.15,0.00,0.00,0.41,0.16,0
0.39,0.15,0.38,0.21,0.37,0.17,0.34,0.17,0.33,0.19,0.40,0.24,0.37,0.28,0.34,0.31,0.33,0.27,0.33,0.37,0.34,0.45,0.35,0.29,0.34,0.37,0.34,0.45,0.00,0.00,0.40,0.15,0.00,0.00,0.41,0.16,0
0.39,0.16,0.39,0.21,0.37,0.19,0.34,0.19,0.32,0.20,0.40,0.24,0.37,0.28,0.34,0.31,0.33,0.26,0.33,0.35,0.34,0.45,0.35,0.29,0.34,0.36,0.34,0.45,0.39,0.15,0.40,0.15,0.00,0.00,0.41,0.17,0
0.39,0.16,0.39,0.21,0.37,0.19,0.34,0.19,0.32,0.20,0.40,0.24,0.37,0.28,0.34,0.31,0.33,0.26,0.33,0.36,0.34,0.45,0.35,0.29,0.34,0.36,0.34,0.45,0.39,0.15,0.40,0.15,0.00,0.00,0.41,0.17,0
0.39,0.16,0.39,0.21,0.37,0.19,0.34,0.19,0.32,0.20,0.40,0.24,0.37,0.28,0.34,0.31,0.34,0.25,0.33,0.36,0.34,0.45,0.35,0.28,0.34,0.36,0.34,0.45,0.39,0.15,0.40,0.15,0.00,0.00,0.41,0.17,0
0.39,0.16,0.39,0.21,0.37,0.19,0.34,0.19,0.32,0.20,0.40,0.24,0.37,0.28,0.34,0.31,0.34,0.25,0.33,0.36,0.34,0.45,0.35,0.28,0.34,0.36,0.34,0.45,0.39,0.15,0.40,0.16,0.00,0.00,0.41,0.17,0
0.39,0.16,0.39,0.21,0.37,0.19,0.34,0.19,0.32,0.20,0.40,0.24,0.37,0.28,0.34,0.31,0.34,0.25,0.33,0.36,0.34,0.45,0.35,0.28,0.34,0.36,0.35,0.45,0.39,0.15,0.40,0.16,0.00,0.00,0.41,0.17,0
0.39,0.16,0.39,0.22,0.37,0.19,0.34,0.19,0.32,0.20,0.40,0.24,0.37,0.28,0.34,0.31,0.33,0.24,0.28,0.17,0.00,0.00,0.35,0.28,0.34,0.36,0.34,0.45,0.39,0.15,0.40,0.16,0.00,0.00,0.41,0.17,0
0.39,0.16,0.39,0.22,0.37,0.19,0.34,0.19,0.32,0.20,0.40,0.24,0.37,0.28,0.34,0.31,0.33,0.24,0.28,0.17,0.00,0.00,0.35,0.28,0.34,0.35,0.34,0.45,0.39,0.15,0.40,0.16,0.00,0.00,0.41,0.17,0
0.39,0.16,0.39,0.21,0.37,0.19,0.34,0.19,0.32,0.20,0.40,0.24,0.37,0.28,0.34,0.31,0.33,0.24,0.28,0.17,0.00,0.00,0.35,0.28,0.34,0.36,0.34,0.45,0.39,0.15,0.40,0.16,0.00,0.00,0.41,0.17,0
0.39,0.16,0.39,0.21,0.37,0.19,0.34,0.19,0.32,0.20,0.40,0.24,0.37,0.28,0.34,0.31,0.34,0.25,0.34,0.36,0.34,0.45,0.35,0.28,0.34,0.36,0.34,0.45,0.39,0.15,0.40,0.16,0.00,0.00,0.41,0.17,0
0.39,0.16,0.39,0.22,0.37,0.19,0.34,0.19,0.32,0.20,0.40,0.24,0.37,0.28,0.34,0.31,0.34,0.25,0.34,0.36,0.34,0.45,0.35,0.29,0.34,0.36,0.34,0.45,0.39,0.15,0.40,0.16,0.00,0.00,0.41,0.17,0
0.39,0.16,0.38,0.21,0.37,0.19,0.34,0.17,0.32,0.20,0.40,0.24,0.37,0.28,0.34,0.31,0.33,0.26,0.34,0.37,0.34,0.45,0.35,0.29,0.34,0.37,0.34,0.45,0.39,0.15,0.40,0.15,0.00,0.00,0.41,0.17,0
0.39,0.16,0.39,0.21,0.37,0.19,0.34,0.19,0.32,0.20,0.40,0.24,0.37,0.28,0.34,0.31,0.34,0.27,0.34,0.36,0.34,0.45,0.35,0.29,0.34,0.36,0.34,0.45,0.39,0.15,0.40,0.15,0.00,0.00,0.41,0.17,0
0.39,0.16,0.38,0.21,0.37,0.19,0.34,0.19,0.32,0.20,0.40,0.24,0.37,0.28,0.34,0.31,0.34,0.27,0.34,0.36,0.34,0.45,0.35,0.29,0.34,0.36,0.34,0.45,0.39,0.15,0.40,0.15,0.00,0.00,0.41,0.17,0
0.39,0.16,0.38,0.21,0.37,0.19,0.34,0.17,0.32,0.20,0.40,0.24,0.37,0.28,0.34,0.31,0.34,0.26,0.34,0.36,0.34,0.45,0.35,0.29,0.34,0.36,0.34,0.45,0.39,0.15,0.40,0.15,0.00,0.00,0.41,0.17,0
0.38,0.16,0.38,0.21,0.37,0.19,0.34,0.17,0.32,0.20,0.40,0.24,0.37,0.28,0.34,0.31,0.34,0.26,0.34,0.37,0.34,0.45,0.35,0.29,0.34,0.37,0.34,0.45,0.39,0.15,0.40,0.15,0.00,0.00,0.41,0.17,0
0.38,0.15,0.38,0.21,0.37,0.17,0.34,0.17,0.32,0.20,0.40,0.24,0.37,0.28,0.34,0.31,0.33,0.22,0.27,0.17,0.00,0.00,0.34,0.27,0.34,0.35,0.34,0.45,0.00,0.00,0.39,0.15,0.00,0.00,0.40,0.17,0
0.38,0.15,0.38,0.21,0.37,0.17,0.34,0.17,0.32,0.20,0.40,0.24,0.37,0.28,0.34,0.29,0.33,0.22,0.27,0.17,0.00,0.00,0.35,0.27,0.34,0.35,0.34,0.45,0.00,0.00,0.39,0.15,0.00,0.00,0.41,0.17,0
0.38,0.15,0.38,0.21,0.37,0.17,0.34,0.17,0.32,0.20,0.40,0.24,0.37,0.28,0.34,0.29,0.33,0.22,0.27,0.17,0.27,0.16,0.34,0.27,0.34,0.35,0.34,0.45,0.00,0.00,0.39,0.15,0.00,0.00,0.40,0.16,0
0.38,0.15,0.38,0.21,0.37,0.17,0.34,0.17,0.32,0.20,0.40,0.23,0.37,0.28,0.34,0.29,0.33,0.22,0.27,0.17,0.27,0.16,0.34,0.27,0.34,0.35,0.34,0.45,0.39,0.14,0.39,0.15,0.00,0.00,0.40,0.16,0
0.38,0.15,0.38,0.21,0.37,0.17,0.34,0.17,0.32,0.20,0.40,0.23,0.37,0.28,0.34,0.29,0.33,0.22,0.27,0.16,0.27,0.16,0.35,0.27,0.34,0.36,0.34,0.45,0.38,0.14,0.39,0.15,0.00,0.00,0.40,0.16,0
0.38,0.15,0.38,0.21,0.37,0.17,0.34,0.17,0.32,0.20,0.40,0.23,0.37,0.28,0.34,0.29,0.33,0.22,0.27,0.17,0.27,0.16,0.35,0.28,0.34,0.36,0.34,0.45,0.38,0.14,0.39,0.15,0.00,0.00,0.40,0.16,0
0.38,0.15,0.38,0.20,0.37,0.17,0.34,0.17,0.32,0.20,0.40,0.23,0.37,0.28,0.34,0.29,0.33,0.23,0.28,0.17,0.27,0.16,0.35,0.28,0.34,0.36,0.34,0.45,0.38,0.14,0.39,0.14,0.00,0.00,0.40,0.16,0
0.38,0.15,0.38,0.20,0.37,0.17,0.34,0.17,0.32,0.20,0.40,0.23,0.37,0.27,0.34,0.29,0.33,0.23,0.00,0.00,0.00,0.00,0.35,0.28,0.34,0.36,0.34,0.45,0.38,0.14,0.39,0.14,0.00,0.00,0.40,0.16,0
0.38,0.15,0.38,0.20,0.37,0.17,0.34,0.17,0.32,0.20,0.40,0.23,0.37,0.27,0.34,0.29,0.33,0.22,0.00,0.00,0.00,0.00,0.35,0.28,0.34,0.36,0.34,0.45,0.38,0.14,0.38,0.14,0.00,0.00,0.40,0.16,0
0.38,0.14,0.38,0.20,0.37,0.17,0.34,0.17,0.32,0.20,0.40,0.23,0.37,0.27,0.34,0.29,0.34,0.24,0.34,0.36,0.34,0.45,0.35,0.28,0.34,0.36,0.34,0.45,0.00,0.00,0.38,0.14,0.00,0.00,0.40,0.15,0
0.38,0.14,0.38,0.20,0.37,0.16,0.34,0.17,0.32,0.20,0.40,0.22,0.37,0.27,0.34,0.29,0.34,0.26,0.34,0.36,0.34,0.45,0.35,0.28,0.34,0.36,0.34,0.45,0.00,0.00,0.38,0.14,0.00,0.00,0.40,0.15,0
0.38,0.14,0.38,0.20,0.37,0.16,0.34,0.17,0.32,0.20,0.40,0.22,0.37,0.27,0.34,0.29,0.34,0.25,0.34,0.36,0.34,0.45,0.35,0.28,0.34,0.36,0.34,0.45,0.00,0.00,0.38,0.14,0.00,0.00,0.40,0.15,0
0.38,0.14,0.38,0.19,0.37,0.16,0.34,0.17,0.32,0.20,0.40,0.22,0.37,0.27,0.34,0.28,0.34,0.26,0.34,0.36,0.34,0.45,0.35,0.29,0.34,0.36,0.34,0.45,0.38,0.13,0.38,0.13,0.00,0.00,0.40,0.15,0
0.37,0.13,0.38,0.19,0.37,0.16,0.34,0.17,0.32,0.20,0.40,0.22,0.37,0.27,0.34,0.28,0.34,0.27,0.33,0.36,0.34,0.45,0.35,0.29,0.34,0.37,0.34,0.45,0.00,0.00,0.38,0.13,0.00,0.00,0.39,0.14,0
0.37,0.13,0.38,0.19,0.36,0.16,0.34,0.17,0.32,0.20,0.40,0.21,0.37,0.27,0.34,0.28,0.34,0.27,0.33,0.36,0.34,0.45,0.35,0.29,0.34,0.37,0.34,0.45,0.00,0.00,0.38,0.13,0.00,0.00,0.39,0.14,0
0.37,0.13,0.38,0.19,0.36,0.16,0.34,0.17,0.32,0.20,0.40,0.21,0.37,0.26,0.34,0.28,0.34,0.27,0.34,0.37,0.34,0.45,0.35,0.29,0.35,0.36,0.34,0.45,0.37,0.12,0.38,0.12,0.00,0.00,0.39,0.14,0
0.37,0.12,0.38,0.17,0.36,0.15,0.33,0.17,0.32,0.20,0.40,0.20,0.37,0.26,0.34,0.28,0.34,0.27,0.34,0.36,0.34,0.45,0.35,0.29,0.35,0.37,0.34,0.45,0.00,0.00,0.37,0.12,0.00,0.00,0.39,0.13,0
0.37,0.12,0.37,0.17,0.35,0.15,0.33,0.17,0.32,0.20,0.40,0.20,0.37,0.26,0.34,0.27,0.34,0.27,0.34,0.36,0.34,0.45,0.36,0.28,0.35,0.36,0.34,0.45,0.00,0.00,0.37,0.12,0.00,0.00,0.38,0.13,0
0.37,0.12,0.37,0.17,0.35,0.15,0.33,0.17,0.32,0.20,0.39,0.20,0.37,0.25,0.34,0.27,0.34,0.26,0.34,0.36,0.34,0.45,0.35,0.28,0.34,0.36,0.34,0.45,0.37,0.11,0.37,0.11,0.00,0.00,0.38,0.12,0
0.36,0.11,0.37,0.16,0.35,0.15,0.32,0.19,0.31,0.21,0.39,0.19,0.37,0.25,0.34,0.27,0.33,0.26,0.00,0.00,0.00,0.00,0.35,0.28,0.34,0.36,0.34,0.45,0.00,0.00,0.37,0.11,0.00,0.00,0.38,0.12,0
0.36,0.11,0.37,0.16,0.35,0.14,0.32,0.17,0.31,0.21,0.39,0.19,0.37,0.25,0.33,0.27,0.33,0.23,0.28,0.22,0.00,0.00,0.35,0.26,0.35,0.35,0.34,0.45,0.00,0.00,0.37,0.11,0.00,0.00,0.38,0.12,0
0.35,0.11,0.37,0.16,0.35,0.14,0.32,0.17,0.32,0.20,0.39,0.17,0.37,0.25,0.34,0.26,0.33,0.23,0.28,0.23,0.29,0.32,0.35,0.26,0.34,0.35,0.34,0.45,0.36,0.10,0.36,0.10,0.00,0.00,0.38,0.11,0
0.35,0.11,0.37,0.16,0.35,0.14,0.32,0.17,0.31,0.20,0.38,0.17,0.37,0.24,0.34,0.26,0.33,0.23,0.28,0.23,0.29,0.33,0.35,0.26,0.35,0.35,0.34,0.45,0.36,0.10,0.36,0.10,0.00,0.00,0.37,0.11,0
0.35,0.10,0.37,0.15,0.34,0.14,0.32,0.17,0.31,0.21,0.38,0.17,0.37,0.24,0.34,0.26,0.32,0.23,0.28,0.25,0.29,0.35,0.35,0.26,0.35,0.35,0.34,0.45,0.00,0.00,0.36,0.10,0.00,0.00,0.37,0.11,0
0.35,0.10,0.37,0.15,0.34,0.14,0.32,0.17,0.31,0.21,0.38,0.16,0.37,0.24,0.34,0.25,0.32,0.23,0.28,0.25,0.29,0.36,0.35,0.26,0.35,0.35,0.35,0.45,0.00,0.00,0.35,0.09,0.00,0.00,0.37,0.10,0
0.35,0.10,0.36,0.15,0.34,0.14,0.32,0.17,0.31,0.21,0.38,0.16,0.37,0.23,0.34,0.25,0.32,0.23,0.28,0.26,0.29,0.36,0.35,0.26,0.35,0.35,0.35,0.45,0.00,0.00,0.35,0.09,0.00,0.00,0.37,0.10,0
0.35,0.10,0.36,0.15,0.34,0.14,0.32,0.17,0.31,0.21,0.38,0.16,0.37,0.23,0.34,0.25,0.32,0.24,0.28,0.27,0.29,0.39,0.34,0.26,0.35,0.35,0.35,0.45,0.00,0.00,0.35,0.09,0.00,0.00,0.37,0.10,0
0.34,0.09,0.36,0.14,0.34,0.14,0.32,0.17,0.31,0.20,0.38,0.15,0.37,0.23,0.34,0.24,0.32,0.24,0.28,0.28,0.28,0.40,0.34,0.26,0.35,0.35,0.35,0.45,0.00,0.00,0.35,0.09,0.00,0.00,0.37,0.10,0
0.34,0.09,0.36,0.14,0.34,0.13,0.32,0.17,0.31,0.20,0.38,0.15,0.37,0.22,0.33,0.24,0.32,0.23,0.28,0.29,0.28,0.39,0.35,0.25,0.35,0.35,0.35,0.45,0.00,0.00,0.35,0.09,0.00,0.00,0.36,0.09,0
0.34,0.09,0.35,0.14,0.34,0.13,0.32,0.17,0.31,0.20,0.38,0.15,0.37,0.22,0.33,0.24,0.32,0.24,0.28,0.29,0.28,0.39,0.35,0.26,0.35,0.34,0.35,0.45,0.00,0.00,0.34,0.08,0.00,0.00,0.36,0.09,0
0.34,0.09,0.35,0.14,0.34,0.13,0.32,0.17,0.31,0.20,0.38,0.15,0.37,0.22,0.33,0.23,0.32,0.24,0.29,0.31,0.27,0.41,0.35,0.26,0.35,0.35,0.35,0.45,0.00,0.00,0.34,0.08,0.00,0.00,0.35,0.09,0
0.34,0.09,0.35,0.14,0.33,0.13,0.31,0.17,0.31,0.20,0.37,0.14,0.36,0.22,0.33,0.23,0.32,0.25,0.29,0.33,0.27,0.41,0.35,0.26,0.35,0.35,0.35,0.45,0.00,0.00,0.34,0.08,0.00,0.00,0.35,0.09,0
0.34,0.09,0.35,0.14,0.33,0.13,0.31,0.17,0.30,0.20,0.37,0.14,0.36,0.21,0.33,0.22,0.32,0.25,0.29,0.33,0.27,0.42,0.35,0.26,0.35,0.35,0.35,0.45,0.00,0.00,0.34,0.08,0.00,0.00,0.35,0.09,0
0.33,0.09,0.35,0.13,0.33,0.13,0.31,0.17,0.30,0.20,0.37,0.14,0.36,0.21,0.33,0.22,0.32,0.24,0.29,0.33,0.27,0.44,0.35,0.26,0.35,0.35,0.35,0.45,0.00,0.00,0.34,0.08,0.00,0.00,0.35,0.09,0
0.33,0.09,0.35,0.13,0.32,0.13,0.31,0.17,0.30,0.20,0.37,0.14,0.36,0.21,0.32,0.21,0.32,0.24,0.29,0.33,0.27,0.44,0.35,0.26,0.35,0.35,0.35,0.45,0.00,0.00,0.34,0.08,0.00,0.00,0.35,0.09,0
0.33,0.09,0.35,0.13,0.32,0.13,0.31,0.17,0.30,0.20,0.37,0.14,0.36,0.21,0.32,0.21,0.32,0.25,0.29,0.34,0.27,0.45,0.35,0.26,0.35,0.35,0.35,0.45,0.00,0.00,0.33,0.08,0.00,0.00,0.35,0.09,0
0.32,0.09,0.34,0.13,0.32,0.13,0.31,0.17,0.29,0.20,0.37,0.13,0.35,0.21,0.32,0.21,0.32,0.25,0.30,0.34,0.27,0.45,0.35,0.25,0.35,0.35,0.35,0.45,0.00,0.00,0.33,0.08,0.00,0.00,0.34,0.09,0
0.32,0.09,0.34,0.13,0.32,0.13,0.31,0.17,0.29,0.20,0.36,0.14,0.35,0.21,0.32,0.21,0.32,0.25,0.30,0.35,0.27,0.45,0.35,0.26,0.35,0.35,0.35,0.45,0.00,0.00,0.33,0.08,0.00,0.00,0.34,0.09,0
